<?xml version="1.0" encoding="UTF-8"?>
<project-private xmlns="http://www.netbeans.org/ns/project-private/1">
    <editor-bookmarks xmlns="http://www.netbeans.org/ns/editor-bookmarks/2" lastBookmarkId="0"/>
    <open-files xmlns="http://www.netbeans.org/ns/projectui-open-files/2">
        <group>
            <file>file:/C:/Users/febri/MPLABXProjects/FinalExam.X/Prob4.c</file>
            <file>file:/C:/Users/febri/MPLABXProjects/FinalExam.X/Prob5.c</file>
            <file>file:/C:/Program%20Files%20(x86)/Microchip/xc8/v2.00/pic/sources/c99/common/sprcadd.c</file>
            <file>file:/C:/Users/febri/MPLABXProjects/FinalExam.X/Prob1.c</file>
            <file>file:/C:/Users/febri/MPLABXProjects/FinalExam.X/Prob3.c</file>
        </group>
    </open-files>
</project-private>
